RecordID,YearMonth,Year,Month,City,Visitors,AvgStayNights,EstSpendSAR,HotelOccupancyPct
T00001,2022-01,2022,1,Riyadh,9549,5.3,18000784.51,82.4
T00002,2022-01,2022,1,Jeddah,7909,2.7,4141454.37,97.1
T00003,2022-01,2022,1,Makkah,17493,4.5,14558221.32,98.0
T00004,2022-01,2022,1,Madinah,15276,2.9,9907252.51,59.6
T00005,2022-01,2022,1,AlUla,2905,3.9,3213803.06,65.5
T00006,2022-01,2022,1,Dammam,5697,2.7,3847239.54,69.6
T00007,2022-01,2022,1,Abha,4351,4.8,4760099.28,77.8
T00008,2022-02,2022,2,Riyadh,8324,2.4,6508917.13,53.5
T00009,2022-02,2022,2,Jeddah,6260,5.3,13661097.5,85.4
T00010,2022-02,2022,2,Makkah,13047,2.5,11227462.98,67.0
T00011,2022-02,2022,2,Madinah,10054,3.8,7192252.88,90.5
T00012,2022-02,2022,2,AlUla,2337,4.4,2620167.04,71.0
T00013,2022-02,2022,2,Dammam,4563,2.8,5272824.25,83.8
T00014,2022-02,2022,2,Abha,4074,5.2,6853197.95,91.1
T00015,2022-03,2022,3,Riyadh,7987,2.8,4268194.8,61.3
T00016,2022-03,2022,3,Jeddah,7829,3.1,9195792.35,62.8
T00017,2022-03,2022,3,Makkah,14567,4.0,12458969.46,85.1
T00018,2022-03,2022,3,Madinah,11129,5.5,22362201.89,54.9
T00019,2022-03,2022,3,AlUla,2414,4.9,4135819.87,81.5
T00020,2022-03,2022,3,Dammam,5474,2.4,3495019.05,50.8
T00021,2022-03,2022,3,Abha,4491,4.3,5009651.05,48.2
T00022,2022-04,2022,4,Riyadh,9294,3.3,10891156.18,84.6
T00023,2022-04,2022,4,Jeddah,9776,3.8,7753051.85,88.7
T00024,2022-04,2022,4,Makkah,18179,4.1,27207267.77,76.7
T00025,2022-04,2022,4,Madinah,13889,3.6,9305103.96,55.4
T00026,2022-04,2022,4,AlUla,2634,4.3,2893226.09,77.5
T00027,2022-04,2022,4,Dammam,6143,3.0,5132327.25,91.1
T00028,2022-04,2022,4,Abha,4023,2.5,2509752.06,58.4
T00029,2022-05,2022,5,Riyadh,11430,4.9,18595270.61,97.4
T00030,2022-05,2022,5,Jeddah,9819,2.8,10838208.73,79.2
T00031,2022-05,2022,5,Makkah,18922,5.2,25220534.67,55.6
T00032,2022-05,2022,5,Madinah,13018,3.6,17636327.62,96.8
T00033,2022-05,2022,5,AlUla,2684,3.9,2932797.94,61.7
T00034,2022-05,2022,5,Dammam,4983,3.3,6681129.09,67.3
T00035,2022-05,2022,5,Abha,4525,4.5,5442307.87,98.0
T00036,2022-06,2022,6,Riyadh,14449,3.0,12975475.44,66.0
T00037,2022-06,2022,6,Jeddah,10550,2.3,7917558.86,77.1
T00038,2022-06,2022,6,Makkah,18790,3.1,23182159.1,62.7
T00039,2022-06,2022,6,Madinah,15871,3.8,25122415.62,62.8
T00040,2022-06,2022,6,AlUla,4151,4.7,4624442.93,89.6
T00041,2022-06,2022,6,Dammam,6769,4.3,9664796.22,79.0
T00042,2022-06,2022,6,Abha,4946,5.0,6355293.84,59.8
T00043,2022-07,2022,7,Riyadh,10301,4.1,14470055.04,50.4
T00044,2022-07,2022,7,Jeddah,10658,2.9,10349347.11,59.1
T00045,2022-07,2022,7,Makkah,21614,3.5,30623864.86,57.1
T00046,2022-07,2022,7,Madinah,15928,2.6,16644900.45,97.8
T00047,2022-07,2022,7,AlUla,3447,4.4,5704738.96,80.0
T00048,2022-07,2022,7,Dammam,6696,3.0,4064699.62,98.0
T00049,2022-07,2022,7,Abha,5947,4.3,6683706.89,68.7
T00050,2022-08,2022,8,Riyadh,11676,5.2,23855047.12,92.4
T00051,2022-08,2022,8,Jeddah,10134,2.5,5543067.23,98.0
T00052,2022-08,2022,8,Makkah,19308,2.2,8680432.23,86.0
T00053,2022-08,2022,8,Madinah,13035,2.7,10969988.72,87.6
T00054,2022-08,2022,8,AlUla,3557,2.9,3619876.16,62.5
T00055,2022-08,2022,8,Dammam,5756,4.7,9087491.7,96.2
T00056,2022-08,2022,8,Abha,5089,4.1,4224765.52,69.7
T00057,2022-09,2022,9,Riyadh,6588,3.0,8172859.34,64.7
T00058,2022-09,2022,9,Jeddah,7040,4.3,11223486.67,70.1
T00059,2022-09,2022,9,Makkah,12407,3.8,10695598.33,81.1
T00060,2022-09,2022,9,Madinah,9269,2.3,7139917.26,53.9
T00061,2022-09,2022,9,AlUla,2496,5.3,5285797.93,63.5
T00062,2022-09,2022,9,Dammam,3365,5.3,5042958.05,93.3
T00063,2022-09,2022,9,Abha,3588,5.0,4496979.15,64.3
T00064,2022-10,2022,10,Riyadh,7014,3.2,4953079.39,72.8
T00065,2022-10,2022,10,Jeddah,6379,4.5,9094323.82,49.9
T00066,2022-10,2022,10,Makkah,11233,5.5,13197774.14,70.9
T00067,2022-10,2022,10,Madinah,9890,4.6,15799328.19,80.1
T00068,2022-10,2022,10,AlUla,1891,3.2,2264641.49,85.5
T00069,2022-10,2022,10,Dammam,3913,5.2,6159669.74,70.1
T00070,2022-10,2022,10,Abha,3072,4.3,4603176.4,84.8
T00071,2022-11,2022,11,Riyadh,6785,3.3,6048567.62,49.7
T00072,2022-11,2022,11,Jeddah,5526,2.3,3708001.85,72.1
T00073,2022-11,2022,11,Makkah,9729,4.1,7471991.14,46.9
T00074,2022-11,2022,11,Madinah,9328,3.4,6675875.9,71.1
T00075,2022-11,2022,11,AlUla,2043,2.9,1952151.41,49.3
T00076,2022-11,2022,11,Dammam,2921,4.0,3619147.38,76.9
T00077,2022-11,2022,11,Abha,2883,5.4,4731364.1,61.1
T00078,2022-12,2022,12,Riyadh,9994,3.1,8840639.8,48.9
T00079,2022-12,2022,12,Jeddah,6999,5.4,14385956.22,79.8
T00080,2022-12,2022,12,Makkah,15281,2.8,9308049.71,57.5
T00081,2022-12,2022,12,Madinah,13043,4.6,20306097.64,59.0
T00082,2022-12,2022,12,AlUla,3246,4.6,4674262.31,75.6
T00083,2022-12,2022,12,Dammam,4977,3.0,3963186.74,82.9
T00084,2022-12,2022,12,Abha,3486,2.6,1731515.89,47.0
T00085,2023-01,2023,1,Riyadh,11639,4.5,15388011.93,54.9
T00086,2023-01,2023,1,Jeddah,9325,3.8,7851277.98,73.4
T00087,2023-01,2023,1,Makkah,17449,4.2,24361847.11,52.0
T00088,2023-01,2023,1,Madinah,14171,4.3,18326456.13,96.6
T00089,2023-01,2023,1,AlUla,3428,2.7,1822765.46,84.8
T00090,2023-01,2023,1,Dammam,5013,4.1,8337554.21,81.2
T00091,2023-01,2023,1,Abha,4517,4.3,5632324.01,79.5
T00092,2023-02,2023,2,Riyadh,9723,3.5,13975840.92,90.3
T00093,2023-02,2023,2,Jeddah,6935,2.4,3398483.77,45.9
T00094,2023-02,2023,2,Makkah,12904,4.5,11444347.79,60.9
T00095,2023-02,2023,2,Madinah,13264,2.3,11454612.69,59.1
T00096,2023-02,2023,2,AlUla,2365,4.5,3522095.82,88.9
T00097,2023-02,2023,2,Dammam,5106,4.9,6197012.59,53.9
T00098,2023-02,2023,2,Abha,4102,4.9,8396113.26,65.6
T00099,2023-03,2023,3,Riyadh,9288,4.8,11671353.54,91.5
T00100,2023-03,2023,3,Jeddah,9509,3.6,12330820.5,82.7
T00101,2023-03,2023,3,Makkah,14560,5.2,22809040.23,86.3
T00102,2023-03,2023,3,Madinah,12792,5.2,18186689.51,45.5
T00103,2023-03,2023,3,AlUla,3370,2.5,2162152.18,92.5
T00104,2023-03,2023,3,Dammam,6091,4.1,8282102.13,67.4
T00105,2023-03,2023,3,Abha,4026,3.3,4535830.97,82.6
T00106,2023-04,2023,4,Riyadh,11358,4.8,11006690.59,76.7
T00107,2023-04,2023,4,Jeddah,8052,4.0,9210435.45,98.0
T00108,2023-04,2023,4,Makkah,17073,2.6,9513533.32,91.4
T00109,2023-04,2023,4,Madinah,15141,2.5,7577526.69,88.1
T00110,2023-04,2023,4,AlUla,2833,4.9,4851628.25,54.0
T00111,2023-04,2023,4,Dammam,5080,5.5,7538910.25,69.9
T00112,2023-04,2023,4,Abha,5077,5.3,11210997.65,90.9
T00113,2023-05,2023,5,Riyadh,10334,2.5,9468921.74,80.2
T00114,2023-05,2023,5,Jeddah,9323,5.2,10020122.27,76.6
T00115,2023-05,2023,5,Makkah,15672,3.7,11221109.82,56.0
T00116,2023-05,2023,5,Madinah,13301,4.3,20535657.51,81.6
T00117,2023-05,2023,5,AlUla,3801,3.4,3212381.18,97.3
T00118,2023-05,2023,5,Dammam,5468,5.4,5401029.03,98.0
T00119,2023-05,2023,5,Abha,4116,5.1,6437037.74,98.0
T00120,2023-06,2023,6,Riyadh,11730,4.0,19360721.99,78.3
T00121,2023-06,2023,6,Jeddah,12419,4.5,16155931.12,84.0
T00122,2023-06,2023,6,Makkah,23596,5.2,23424152.28,65.0
T00123,2023-06,2023,6,Madinah,21374,5.1,31542121.9,83.6
T00124,2023-06,2023,6,AlUla,3904,2.8,3184123.2,68.9
T00125,2023-06,2023,6,Dammam,7659,2.5,7924283.9,98.0
T00126,2023-06,2023,6,Abha,6333,4.0,6441588.86,94.3
T00127,2023-07,2023,7,Riyadh,13366,2.7,14385569.38,94.7
T00128,2023-07,2023,7,Jeddah,12776,4.6,19230567.77,72.5
T00129,2023-07,2023,7,Makkah,24483,5.1,23830470.57,51.0
T00130,2023-07,2023,7,Madinah,17072,4.9,34878723.02,57.8
T00131,2023-07,2023,7,AlUla,4051,3.5,5852593.51,95.8
T00132,2023-07,2023,7,Dammam,7749,3.7,8015253.46,64.5
T00133,2023-07,2023,7,Abha,4879,5.1,9333482.28,98.0
T00134,2023-08,2023,8,Riyadh,13318,4.0,19420679.42,98.0
T00135,2023-08,2023,8,Jeddah,11383,3.0,9839371.6,56.6
T00136,2023-08,2023,8,Makkah,22535,4.2,22230145.35,86.4
T00137,2023-08,2023,8,Madinah,16802,3.4,11839747.65,86.4
T00138,2023-08,2023,8,AlUla,3628,4.7,5197996.79,96.4
T00139,2023-08,2023,8,Dammam,6539,4.1,10466500.9,71.7
T00140,2023-08,2023,8,Abha,4585,2.3,3809381.98,83.6
T00141,2023-09,2023,9,Riyadh,7972,2.9,4918042.77,45.7
T00142,2023-09,2023,9,Jeddah,6378,4.1,7168668.8,66.9
T00143,2023-09,2023,9,Makkah,14413,3.3,14428561.36,84.2
T00144,2023-09,2023,9,Madinah,10191,4.3,16957409.71,92.5
T00145,2023-09,2023,9,AlUla,2089,5.3,3300561.35,57.9
T00146,2023-09,2023,9,Dammam,4122,5.4,6638205.03,61.4
T00147,2023-09,2023,9,Abha,3472,3.0,2064526.18,51.4
T00148,2023-10,2023,10,Riyadh,5976,2.7,3441937.01,77.0
T00149,2023-10,2023,10,Jeddah,5408,3.3,7053418.72,68.7
T00150,2023-10,2023,10,Makkah,12089,2.8,7654975.07,47.0
T00151,2023-10,2023,10,Madinah,8482,3.1,5849999.78,49.4
T00152,2023-10,2023,10,AlUla,1854,3.7,1574461.93,63.2
T00153,2023-10,2023,10,Dammam,3741,4.5,3189042.05,85.0
T00154,2023-10,2023,10,Abha,3104,2.5,3023752.83,91.0
T00155,2023-11,2023,11,Riyadh,5591,3.1,6473336.69,82.4
T00156,2023-11,2023,11,Jeddah,5182,2.9,4041175.36,69.2
T00157,2023-11,2023,11,Makkah,11409,3.4,11288387.8,82.4
T00158,2023-11,2023,11,Madinah,7762,3.0,8178134.03,89.8
T00159,2023-11,2023,11,AlUla,2010,4.0,1653999.11,67.4
T00160,2023-11,2023,11,Dammam,3612,3.0,2650684.72,63.9
T00161,2023-11,2023,11,Abha,2449,3.3,1864832.25,61.4
T00162,2023-12,2023,12,Riyadh,8622,5.1,14179371.86,79.0
T00163,2023-12,2023,12,Jeddah,9401,3.8,7175513.52,71.9
T00164,2023-12,2023,12,Makkah,17086,4.7,22774133.89,51.4
T00165,2023-12,2023,12,Madinah,12741,3.4,14512871.36,73.5
T00166,2023-12,2023,12,AlUla,2897,5.5,5184537.14,56.9
T00167,2023-12,2023,12,Dammam,4760,2.7,3072011.69,53.0
T00168,2023-12,2023,12,Abha,3918,3.1,2691626.64,89.8
T00169,2024-01,2024,1,Riyadh,9713,3.9,10549594.58,98.0
T00170,2024-01,2024,1,Jeddah,8728,3.5,12606331.87,97.1
T00171,2024-01,2024,1,Makkah,20824,3.1,14267362.96,86.3
T00172,2024-01,2024,1,Madinah,17562,4.0,22281755.57,64.9
T00173,2024-01,2024,1,AlUla,3736,2.8,2695570.5,72.9
T00174,2024-01,2024,1,Dammam,6188,3.0,3853159.4,83.1
T00175,2024-01,2024,1,Abha,4626,4.1,4116644.61,76.0
T00176,2024-02,2024,2,Riyadh,9160,2.4,5733098.03,51.7
T00177,2024-02,2024,2,Jeddah,7007,5.5,9918458.08,85.5
T00178,2024-02,2024,2,Makkah,14380,4.4,22933232.92,74.8
T00179,2024-02,2024,2,Madinah,12592,3.6,11955124.12,91.5
T00180,2024-02,2024,2,AlUla,3102,5.4,3514842.7,81.5
T00181,2024-02,2024,2,Dammam,5702,2.8,3128604.67,82.1
T00182,2024-02,2024,2,Abha,4122,5.0,4401170.08,84.8
T00183,2024-03,2024,3,Riyadh,9292,2.7,5504991.85,85.7
T00184,2024-03,2024,3,Jeddah,9521,3.9,9881515.84,88.9
T00185,2024-03,2024,3,Makkah,16900,4.9,23633342.83,63.8
T00186,2024-03,2024,3,Madinah,14128,3.2,16249517.05,70.1
T00187,2024-03,2024,3,AlUla,2920,5.2,4132081.03,72.2
T00188,2024-03,2024,3,Dammam,6361,4.3,5690797.27,92.0
T00189,2024-03,2024,3,Abha,4709,3.3,3316565.09,84.7
T00190,2024-04,2024,4,Riyadh,11433,4.0,18042838.95,92.9
T00191,2024-04,2024,4,Jeddah,8784,3.2,6735919.57,90.4
T00192,2024-04,2024,4,Makkah,16241,4.1,24170820.05,97.7
T00193,2024-04,2024,4,Madinah,14718,4.9,14896130.82,96.1
T00194,2024-04,2024,4,AlUla,3049,3.5,3962871.0,57.7
T00195,2024-04,2024,4,Dammam,5633,4.6,9141910.25,84.8
T00196,2024-04,2024,4,Abha,5190,4.0,4991363.63,68.5
T00197,2024-05,2024,5,Riyadh,10256,5.2,17066732.28,71.5
T00198,2024-05,2024,5,Jeddah,9965,5.3,11450412.64,81.7
T00199,2024-05,2024,5,Makkah,19438,4.2,15049969.96,97.5
T00200,2024-05,2024,5,Madinah,17934,4.1,25529128.1,98.0
T00201,2024-05,2024,5,AlUla,3747,2.7,3220302.41,82.9
T00202,2024-05,2024,5,Dammam,6156,4.6,11447335.53,98.0
T00203,2024-05,2024,5,Abha,4965,2.6,5374815.61,95.6
T00204,2024-06,2024,6,Riyadh,12611,5.2,25494784.25,78.0
T00205,2024-06,2024,6,Jeddah,12978,3.5,8773125.1,67.9
T00206,2024-06,2024,6,Makkah,26526,2.2,15175194.69,71.4
T00207,2024-06,2024,6,Madinah,20119,5.2,27527616.56,68.6
T00208,2024-06,2024,6,AlUla,4736,3.7,4098766.86,74.4
T00209,2024-06,2024,6,Dammam,7044,2.8,5909233.74,72.5
T00210,2024-06,2024,6,Abha,7102,3.4,7711068.19,84.3
T00211,2024-07,2024,7,Riyadh,11426,4.4,11197548.34,98.0
T00212,2024-07,2024,7,Jeddah,10640,3.6,7679336.08,98.0
T00213,2024-07,2024,7,Makkah,22911,4.2,18869799.49,90.7
T00214,2024-07,2024,7,Madinah,17103,5.2,20387020.08,60.0
T00215,2024-07,2024,7,AlUla,3584,3.8,4297700.25,53.1
T00216,2024-07,2024,7,Dammam,8048,3.7,9107588.08,73.7
T00217,2024-07,2024,7,Abha,5770,4.0,5014306.77,59.5
T00218,2024-08,2024,8,Riyadh,13576,5.3,19398060.14,64.4
T00219,2024-08,2024,8,Jeddah,11356,3.5,7396441.46,58.1
T00220,2024-08,2024,8,Makkah,22314,4.4,18311166.7,61.7
T00221,2024-08,2024,8,Madinah,15762,4.4,12811579.44,55.2
T00222,2024-08,2024,8,AlUla,4153,2.8,3914806.28,62.6
T00223,2024-08,2024,8,Dammam,5986,3.0,6345352.69,96.6
T00224,2024-08,2024,8,Abha,5982,3.5,7125707.64,60.8
T00225,2024-09,2024,9,Riyadh,7445,5.2,7089325.55,49.3
T00226,2024-09,2024,9,Jeddah,6437,2.3,3309598.74,74.2
T00227,2024-09,2024,9,Makkah,13262,5.1,25443822.3,62.1
T00228,2024-09,2024,9,Madinah,10311,3.5,11608616.17,58.4
T00229,2024-09,2024,9,AlUla,2561,3.6,2881045.01,66.8
T00230,2024-09,2024,9,Dammam,4138,5.3,7966918.59,52.0
T00231,2024-09,2024,9,Abha,3917,3.8,5874840.5,85.0
T00232,2024-10,2024,10,Riyadh,6948,2.3,3906929.2,72.1
T00233,2024-10,2024,10,Jeddah,6571,3.1,4347905.32,86.7
T00234,2024-10,2024,10,Makkah,13929,3.9,12016434.24,58.6
T00235,2024-10,2024,10,Madinah,8513,5.2,9219181.88,73.8
T00236,2024-10,2024,10,AlUla,2061,4.0,2772794.32,86.5
T00237,2024-10,2024,10,Dammam,3601,2.2,1686260.48,90.0
T00238,2024-10,2024,10,Abha,3513,4.2,4782320.66,78.3
T00239,2024-11,2024,11,Riyadh,6141,5.2,8957419.9,64.2
T00240,2024-11,2024,11,Jeddah,6082,2.4,3209953.22,81.9
T00241,2024-11,2024,11,Makkah,10185,4.2,10218731.73,64.5
T00242,2024-11,2024,11,Madinah,8921,3.4,10693972.55,59.9
T00243,2024-11,2024,11,AlUla,2158,3.8,2782240.57,91.8
T00244,2024-11,2024,11,Dammam,4043,2.9,2198193.1,58.1
T00245,2024-11,2024,11,Abha,3110,2.4,2232690.64,74.8
T00246,2024-12,2024,12,Riyadh,9771,4.7,9441158.69,48.8
T00247,2024-12,2024,12,Jeddah,9766,3.8,12811263.28,66.7
T00248,2024-12,2024,12,Makkah,16256,4.9,29620270.13,79.7
T00249,2024-12,2024,12,Madinah,13412,4.1,14661975.8,49.6
T00250,2024-12,2024,12,AlUla,3599,2.7,3965211.95,67.3
T00251,2024-12,2024,12,Dammam,5173,4.0,8059678.86,81.6
T00252,2024-12,2024,12,Abha,4990,4.4,7599989.82,87.5
T00253,2025-01,2025,1,Riyadh,10829,3.8,9591711.07,98.0
T00254,2025-01,2025,1,Jeddah,11794,2.3,9476213.58,98.0
T00255,2025-01,2025,1,Makkah,18114,4.1,29685956.54,51.4
T00256,2025-01,2025,1,Madinah,17362,3.2,22326425.66,98.0
T00257,2025-01,2025,1,AlUla,4128,3.8,6068915.0,96.0
T00258,2025-01,2025,1,Dammam,6151,4.9,5692879.54,82.3
T00259,2025-01,2025,1,Abha,4782,2.6,2467601.89,87.8
T00260,2025-02,2025,2,Riyadh,9098,4.6,8189595.64,60.8
T00261,2025-02,2025,2,Jeddah,8596,4.8,10583419.99,76.3
T00262,2025-02,2025,2,Makkah,18248,4.2,18080540.85,46.2
T00263,2025-02,2025,2,Madinah,14866,2.3,13332353.92,71.4
T00264,2025-02,2025,2,AlUla,3365,4.8,6775831.62,62.5
T00265,2025-02,2025,2,Dammam,5735,3.5,5924802.81,76.4
T00266,2025-02,2025,2,Abha,4724,5.4,9295331.39,65.9
T00267,2025-03,2025,3,Riyadh,10499,4.6,11460813.06,50.5
T00268,2025-03,2025,3,Jeddah,9141,3.1,7115841.08,56.7
T00269,2025-03,2025,3,Makkah,15871,2.3,15223824.41,66.4
T00270,2025-03,2025,3,Madinah,14531,4.4,14857600.29,92.5
T00271,2025-03,2025,3,AlUla,3632,2.5,2544392.03,89.0
T00272,2025-03,2025,3,Dammam,6770,3.7,8196502.05,53.4
T00273,2025-03,2025,3,Abha,5483,3.0,6682498.79,77.5
T00274,2025-04,2025,4,Riyadh,12003,3.9,11017637.05,59.2
T00275,2025-04,2025,4,Jeddah,9468,2.8,9731975.09,68.8
T00276,2025-04,2025,4,Makkah,17256,5.4,36537621.56,98.0
T00277,2025-04,2025,4,Madinah,18695,2.8,14400284.33,91.2
T00278,2025-04,2025,4,AlUla,3830,2.7,3886147.28,61.8
T00279,2025-04,2025,4,Dammam,5924,4.0,7637353.13,81.4
T00280,2025-04,2025,4,Abha,4534,5.1,5636190.25,56.6
T00281,2025-05,2025,5,Riyadh,13340,5.4,27871494.01,94.0
T00282,2025-05,2025,5,Jeddah,11114,4.0,8930180.02,72.0
T00283,2025-05,2025,5,Makkah,19662,3.1,21553967.39,76.8
T00284,2025-05,2025,5,Madinah,14624,2.9,14588143.41,53.7
T00285,2025-05,2025,5,AlUla,4108,3.8,4610387.69,82.1
T00286,2025-05,2025,5,Dammam,7284,3.3,8238122.37,80.6
T00287,2025-05,2025,5,Abha,4938,5.1,9352816.19,85.7
T00288,2025-06,2025,6,Riyadh,16547,5.1,29536995.38,95.5
T00289,2025-06,2025,6,Jeddah,14097,4.4,20373740.22,90.9
T00290,2025-06,2025,6,Makkah,22995,5.1,45648213.31,51.1
T00291,2025-06,2025,6,Madinah,23010,2.6,15580396.94,90.4
T00292,2025-06,2025,6,AlUla,4184,4.9,7784707.7,77.4
T00293,2025-06,2025,6,Dammam,7086,3.1,7206416.84,98.0
T00294,2025-06,2025,6,Abha,6917,3.1,7122436.58,79.2
T00295,2025-07,2025,7,Riyadh,15281,2.6,14408170.84,79.3
T00296,2025-07,2025,7,Jeddah,14272,3.3,15628361.49,98.0
T00297,2025-07,2025,7,Makkah,21246,5.3,38858735.11,53.2
T00298,2025-07,2025,7,Madinah,18558,4.5,16381863.86,81.5
T00299,2025-07,2025,7,AlUla,4183,4.2,3355217.64,97.4
T00300,2025-07,2025,7,Dammam,8944,5.4,17383100.23,56.7
T00301,2025-07,2025,7,Abha,6751,2.3,2877358.57,67.3
T00302,2025-08,2025,8,Riyadh,12859,4.7,20789880.64,74.0
T00303,2025-08,2025,8,Jeddah,10690,5.5,16596859.12,74.3
T00304,2025-08,2025,8,Makkah,19850,4.8,33012970.19,61.6
T00305,2025-08,2025,8,Madinah,15801,4.4,23435471.87,64.5
T00306,2025-08,2025,8,AlUla,4557,2.7,3491359.0,98.0
T00307,2025-08,2025,8,Dammam,6995,4.3,8284300.34,64.6
T00308,2025-08,2025,8,Abha,6567,3.6,9328434.74,62.1
